-- phpMyAdmin SQL Dump
-- version 5.0.1
-- https://www.phpmyadmin.net/
--
-- Servidor: 127.0.0.1
-- Tiempo de generación: 15-06-2021 a las 02:14:18
-- Versión del servidor: 10.4.11-MariaDB
-- Versión de PHP: 7.4.2

SET SQL_MODE = "NO_AUTO_VALUE_ON_ZERO";
SET AUTOCOMMIT = 0;
START TRANSACTION;
SET time_zone = "+00:00";


/*!40101 SET @OLD_CHARACTER_SET_CLIENT=@@CHARACTER_SET_CLIENT */;
/*!40101 SET @OLD_CHARACTER_SET_RESULTS=@@CHARACTER_SET_RESULTS */;
/*!40101 SET @OLD_COLLATION_CONNECTION=@@COLLATION_CONNECTION */;
/*!40101 SET NAMES utf8mb4 */;

--
-- Base de datos: `grafo_asignacion`
--

-- --------------------------------------------------------

--
-- Estructura de tabla para la tabla `demandas`
--

CREATE TABLE `demandas` (
  `id` int(11) NOT NULL,
  `dato` int(11) DEFAULT NULL,
  `grafo_id` int(11) DEFAULT NULL
) ENGINE=InnoDB DEFAULT CHARSET=utf8mb4;

--
-- Volcado de datos para la tabla `demandas`
--

INSERT INTO `demandas` (`id`, `dato`, `grafo_id`) VALUES
(1, 7, 58),
(2, 8, 58),
(3, 10, 58),
(4, 4, 59),
(5, 6, 59),
(6, 7, 59),
(7, 8, 59),
(8, 4, 60),
(9, 8, 60),
(10, 7, 60),
(11, 4, 60);

-- --------------------------------------------------------

--
-- Estructura de tabla para la tabla `enlace`
--

CREATE TABLE `enlace` (
  `id_grafo` int(11) NOT NULL,
  `x1` int(11) NOT NULL,
  `y1` int(11) NOT NULL,
  `x2` int(11) NOT NULL,
  `y2` int(11) NOT NULL,
  `atributo` int(11) NOT NULL,
  `thickness` int(11) NOT NULL,
  `nodo_inicio` int(11) NOT NULL,
  `nodo_fin` int(11) NOT NULL,
  `ciclo` tinyint(1) NOT NULL,
  `color_red` int(11) NOT NULL,
  `color_green` int(11) NOT NULL,
  `color_blue` int(11) NOT NULL,
  `grafo_id` int(11) NOT NULL,
  `text_direction` int(11) DEFAULT NULL,
  `nroActividadNodoInicio` int(11) NOT NULL,
  `nroActividadNodoFin` int(11) NOT NULL
) ENGINE=InnoDB DEFAULT CHARSET=utf8mb4;

--
-- Volcado de datos para la tabla `enlace`
--

INSERT INTO `enlace` (`id_grafo`, `x1`, `y1`, `x2`, `y2`, `atributo`, `thickness`, `nodo_inicio`, `nodo_fin`, `ciclo`, `color_red`, `color_green`, `color_blue`, `grafo_id`, `text_direction`, `nroActividadNodoInicio`, `nroActividadNodoFin`) VALUES
(172, 119, 88, 623, 209, 85, 0, 202, 206, 0, 255, 255, 255, 47, 0, 0, 1),
(173, 119, 88, 613, 97, 55, 0, 202, 205, 0, 255, 255, 255, 47, 0, 0, 0),
(174, 119, 88, 654, 351, 68, 0, 202, 207, 0, 255, 255, 255, 47, 0, 0, 2),
(175, 135, 208, 613, 97, 71, 0, 203, 205, 0, 255, 255, 255, 47, 0, 1, 0),
(176, 135, 208, 623, 209, 69, 0, 203, 206, 0, 255, 255, 255, 47, 0, 1, 1),
(177, 135, 208, 654, 351, 72, 0, 203, 207, 0, 255, 255, 255, 47, 0, 1, 2),
(178, 171, 361, 613, 97, 82, 0, 204, 205, 0, 255, 255, 255, 47, 0, 2, 0),
(179, 171, 361, 623, 209, 52, 0, 204, 206, 0, 255, 255, 255, 47, 0, 2, 1),
(180, 171, 361, 654, 351, 72, 0, 204, 207, 0, 255, 255, 255, 47, 0, 2, 2),
(181, 134, 100, 672, 78, 3, 0, 208, 211, 0, 255, 255, 255, 48, 0, 0, 0),
(182, 134, 100, 704, 178, 4, 0, 208, 212, 0, 255, 255, 255, 48, 0, 0, 1),
(183, 134, 100, 711, 278, 6, 0, 208, 213, 0, 255, 255, 255, 48, 0, 0, 2),
(184, 134, 100, 717, 386, 6, 0, 208, 214, 0, 255, 255, 255, 48, 0, 0, 3),
(185, 152, 205, 672, 78, 6, 0, 209, 211, 0, 255, 255, 255, 48, 0, 1, 0),
(186, 152, 205, 704, 178, 3, 0, 209, 212, 0, 255, 255, 255, 48, 0, 1, 1),
(187, 152, 205, 711, 278, 4, 0, 209, 213, 0, 255, 255, 255, 48, 0, 1, 2),
(188, 152, 205, 717, 386, 7, 0, 209, 214, 0, 255, 255, 255, 48, 0, 1, 3),
(189, 161, 347, 672, 78, 1, 0, 210, 211, 0, 255, 255, 255, 48, 0, 2, 0),
(190, 161, 347, 704, 178, 5, 0, 210, 212, 0, 255, 255, 255, 48, 0, 2, 1),
(191, 161, 347, 711, 278, 3, 0, 210, 213, 0, 255, 255, 255, 48, 0, 2, 2),
(192, 161, 347, 717, 386, 2, 0, 210, 214, 0, 255, 255, 255, 48, 0, 2, 3),
(193, 134, 100, 672, 78, 3, 0, 215, 218, 0, 255, 255, 255, 49, 0, 0, 0),
(194, 134, 100, 704, 178, 4, 0, 215, 219, 0, 255, 255, 255, 49, 0, 0, 1),
(195, 134, 100, 711, 278, 6, 0, 215, 220, 0, 255, 255, 255, 49, 0, 0, 2),
(196, 134, 100, 717, 386, 6, 0, 215, 221, 0, 255, 255, 255, 49, 0, 0, 3),
(197, 152, 205, 672, 78, 6, 0, 216, 218, 0, 255, 255, 255, 49, 0, 1, 0),
(198, 152, 205, 704, 178, 3, 0, 216, 219, 0, 255, 255, 255, 49, 0, 1, 1),
(199, 152, 205, 711, 278, 4, 0, 216, 220, 0, 255, 255, 255, 49, 0, 1, 2),
(200, 152, 205, 717, 386, 7, 0, 216, 221, 0, 255, 255, 255, 49, 0, 1, 3),
(201, 161, 347, 672, 78, 1, 0, 217, 218, 0, 255, 255, 255, 49, 0, 2, 0),
(202, 161, 347, 704, 178, 5, 0, 217, 219, 0, 255, 255, 255, 49, 0, 2, 1),
(203, 161, 347, 711, 278, 3, 0, 217, 220, 0, 255, 255, 255, 49, 0, 2, 2),
(204, 161, 347, 717, 386, 2, 0, 217, 221, 0, 255, 255, 255, 49, 0, 2, 3),
(221, 94, 164, 658, 61, 6, 0, 230, 234, 0, 255, 255, 255, 52, 0, 0, 0),
(222, 94, 164, 666, 175, 8, 0, 230, 235, 0, 255, 255, 255, 52, 0, 0, 1),
(223, 94, 164, 667, 270, 7, 0, 230, 236, 0, 255, 255, 255, 52, 0, 0, 2),
(224, 94, 164, 694, 362, 3, 0, 230, 237, 0, 255, 255, 255, 52, 0, 0, 3),
(225, 103, 264, 658, 61, 7, 0, 231, 234, 0, 255, 255, 255, 52, 0, 1, 0),
(226, 103, 264, 666, 175, 7, 0, 231, 235, 0, 255, 255, 255, 52, 0, 1, 1),
(227, 103, 264, 667, 270, 7, 0, 231, 236, 0, 255, 255, 255, 52, 0, 1, 2),
(228, 103, 264, 694, 362, 4, 0, 231, 237, 0, 255, 255, 255, 52, 0, 1, 3),
(229, 115, 339, 658, 61, 8, 0, 232, 234, 0, 255, 255, 255, 52, 0, 2, 0),
(230, 115, 339, 666, 175, 5, 0, 232, 235, 0, 255, 255, 255, 52, 0, 2, 1),
(231, 115, 339, 667, 270, 7, 0, 232, 236, 0, 255, 255, 255, 52, 0, 2, 2),
(232, 115, 339, 694, 362, 4, 0, 232, 237, 0, 255, 255, 255, 52, 0, 2, 3),
(233, 125, 450, 658, 61, 5, 0, 233, 234, 0, 255, 255, 255, 52, 0, 3, 0),
(234, 125, 450, 666, 175, 7, 0, 233, 235, 0, 255, 255, 255, 52, 0, 3, 1),
(235, 125, 450, 667, 270, 7, 0, 233, 236, 0, 255, 255, 255, 52, 0, 3, 2),
(236, 125, 450, 694, 362, 5, 0, 233, 237, 0, 255, 255, 255, 52, 0, 3, 3),
(237, 169, 156, 703, 95, 1, 0, 238, 240, 0, 255, 255, 255, 53, 0, 0, 0),
(238, 169, 156, 732, 198, 10, 0, 238, 241, 0, 255, 255, 255, 53, 0, 0, 1),
(239, 169, 156, 719, 327, 3, 0, 238, 242, 0, 255, 255, 255, 53, 0, 0, 2),
(240, 181, 299, 703, 95, 5, 0, 239, 240, 0, 255, 255, 255, 53, 0, 1, 0),
(241, 181, 299, 732, 198, 4, 0, 239, 241, 0, 255, 255, 255, 53, 0, 1, 1),
(242, 181, 299, 719, 327, 2, 0, 239, 242, 0, 255, 255, 255, 53, 0, 1, 2),
(243, 153, 132, 758, 66, 5, 0, 243, 246, 0, 255, 255, 255, 54, 0, 0, 0),
(244, 153, 132, 723, 204, 6, 0, 243, 247, 0, 255, 255, 255, 54, 0, 0, 1),
(245, 153, 132, 726, 300, 8, 0, 243, 248, 0, 255, 255, 255, 54, 0, 0, 2),
(246, 153, 132, 739, 419, 9, 0, 243, 249, 0, 255, 255, 255, 54, 0, 0, 3),
(247, 174, 241, 758, 66, 3, 0, 244, 246, 0, 255, 255, 255, 54, 0, 1, 0),
(248, 174, 241, 723, 204, 4, 0, 244, 247, 0, 255, 255, 255, 54, 0, 1, 1),
(249, 174, 241, 726, 300, 3, 0, 244, 248, 0, 255, 255, 255, 54, 0, 1, 2),
(250, 174, 241, 739, 419, 5, 0, 244, 249, 0, 255, 255, 255, 54, 0, 1, 3),
(251, 185, 368, 758, 66, 2, 0, 245, 246, 0, 255, 255, 255, 54, 0, 2, 0),
(252, 185, 368, 723, 204, 3, 0, 245, 247, 0, 255, 255, 255, 54, 0, 2, 1),
(253, 185, 368, 726, 300, 1, 0, 245, 248, 0, 255, 255, 255, 54, 0, 2, 2),
(254, 185, 368, 739, 419, 7, 0, 245, 249, 0, 255, 255, 255, 54, 0, 2, 3),
(255, 104, 67, 673, 74, 6, 0, 250, 254, 0, 255, 255, 255, 55, 0, 0, 0),
(256, 104, 67, 670, 190, 8, 0, 250, 255, 0, 255, 255, 255, 55, 0, 0, 1),
(257, 104, 67, 682, 297, 7, 0, 250, 256, 0, 255, 255, 255, 55, 0, 0, 2),
(258, 104, 67, 710, 423, 3, 0, 250, 257, 0, 255, 255, 255, 55, 0, 0, 3),
(259, 113, 164, 673, 74, 7, 0, 251, 254, 0, 255, 255, 255, 55, 0, 1, 0),
(260, 113, 164, 670, 190, 7, 0, 251, 255, 0, 255, 255, 255, 55, 0, 1, 1),
(261, 113, 164, 682, 297, 7, 0, 251, 256, 0, 255, 255, 255, 55, 0, 1, 2),
(262, 113, 164, 710, 423, 4, 0, 251, 257, 0, 255, 255, 255, 55, 0, 1, 3),
(263, 133, 267, 673, 74, 8, 0, 252, 254, 0, 255, 255, 255, 55, 0, 2, 0),
(264, 133, 267, 670, 190, 5, 0, 252, 255, 0, 255, 255, 255, 55, 0, 2, 1),
(265, 133, 267, 682, 297, 7, 0, 252, 256, 0, 255, 255, 255, 55, 0, 2, 2),
(266, 133, 267, 710, 423, 4, 0, 252, 257, 0, 255, 255, 255, 55, 0, 2, 3),
(267, 148, 403, 673, 74, 5, 0, 253, 254, 0, 255, 255, 255, 55, 0, 3, 0),
(268, 148, 403, 670, 190, 7, 0, 253, 255, 0, 255, 255, 255, 55, 0, 3, 1),
(269, 148, 403, 682, 297, 7, 0, 253, 256, 0, 255, 255, 255, 55, 0, 3, 2),
(270, 148, 403, 710, 423, 5, 0, 253, 257, 0, 255, 255, 255, 55, 0, 3, 3),
(271, 104, 67, 673, 74, 6, 0, 258, 262, 0, 255, 255, 255, 56, 0, 0, 0),
(272, 104, 67, 670, 190, 8, 0, 258, 263, 0, 255, 255, 255, 56, 0, 0, 1),
(273, 104, 67, 682, 297, 7, 0, 258, 264, 0, 255, 255, 255, 56, 0, 0, 2),
(274, 104, 67, 710, 423, 3, 0, 258, 265, 0, 255, 255, 255, 56, 0, 0, 3),
(275, 113, 164, 673, 74, 7, 0, 259, 262, 0, 255, 255, 255, 56, 0, 1, 0),
(276, 113, 164, 670, 190, 7, 0, 259, 263, 0, 255, 255, 255, 56, 0, 1, 1),
(277, 113, 164, 682, 297, 7, 0, 259, 264, 0, 255, 255, 255, 56, 0, 1, 2),
(278, 113, 164, 710, 423, 4, 0, 259, 265, 0, 255, 255, 255, 56, 0, 1, 3),
(279, 133, 267, 673, 74, 8, 0, 260, 262, 0, 255, 255, 255, 56, 0, 2, 0),
(280, 133, 267, 670, 190, 5, 0, 260, 263, 0, 255, 255, 255, 56, 0, 2, 1),
(281, 133, 267, 682, 297, 7, 0, 260, 264, 0, 255, 255, 255, 56, 0, 2, 2),
(282, 133, 267, 710, 423, 4, 0, 260, 265, 0, 255, 255, 255, 56, 0, 2, 3),
(283, 148, 403, 673, 74, 5, 0, 261, 262, 0, 255, 255, 255, 56, 0, 3, 0),
(284, 148, 403, 670, 190, 7, 0, 261, 263, 0, 255, 255, 255, 56, 0, 3, 1),
(285, 148, 403, 682, 297, 7, 0, 261, 264, 0, 255, 255, 255, 56, 0, 3, 2),
(286, 148, 403, 710, 423, 5, 0, 261, 265, 0, 255, 255, 255, 56, 0, 3, 3),
(287, 179, 98, 682, 95, 10, 0, 266, 269, 0, 255, 255, 255, 57, 0, 0, 0),
(288, 179, 98, 702, 193, 10, 0, 266, 270, 0, 255, 255, 255, 57, 0, 0, 1),
(289, 179, 98, 711, 313, 10, 0, 266, 271, 0, 255, 255, 255, 57, 0, 0, 2),
(290, 195, 186, 682, 95, 10, 0, 267, 269, 0, 255, 255, 255, 57, 0, 1, 0),
(291, 195, 186, 702, 193, 5, 0, 267, 270, 0, 255, 255, 255, 57, 0, 1, 1),
(292, 195, 186, 711, 313, 4, 0, 267, 271, 0, 255, 255, 255, 57, 0, 1, 2),
(293, 204, 293, 682, 95, 10, 0, 268, 269, 0, 255, 255, 255, 57, 0, 2, 0),
(294, 204, 293, 702, 193, 3, 0, 268, 270, 0, 255, 255, 255, 57, 0, 2, 1),
(295, 204, 293, 711, 313, 2, 0, 268, 271, 0, 255, 255, 255, 57, 0, 2, 2),
(296, 134, 100, 672, 78, 3, 0, 272, 275, 0, 255, 255, 255, 58, 0, 0, 0),
(297, 134, 100, 704, 178, 4, 0, 272, 276, 0, 255, 255, 255, 58, 0, 0, 1),
(298, 134, 100, 711, 278, 6, 0, 272, 277, 0, 255, 255, 255, 58, 0, 0, 2),
(299, 134, 100, 717, 386, 6, 0, 272, 278, 0, 255, 255, 255, 58, 0, 0, 3),
(300, 152, 205, 672, 78, 6, 0, 273, 275, 0, 255, 255, 255, 58, 0, 1, 0),
(301, 152, 205, 704, 178, 3, 0, 273, 276, 0, 255, 255, 255, 58, 0, 1, 1),
(302, 152, 205, 711, 278, 4, 0, 273, 277, 0, 255, 255, 255, 58, 0, 1, 2),
(303, 152, 205, 717, 386, 7, 0, 273, 278, 0, 255, 255, 255, 58, 0, 1, 3),
(304, 161, 347, 672, 78, 1, 0, 274, 275, 0, 255, 255, 255, 58, 0, 2, 0),
(305, 161, 347, 704, 178, 5, 0, 274, 276, 0, 255, 255, 255, 58, 0, 2, 1),
(306, 161, 347, 711, 278, 3, 0, 274, 277, 0, 255, 255, 255, 58, 0, 2, 2),
(307, 161, 347, 717, 386, 2, 0, 274, 278, 0, 255, 255, 255, 58, 0, 2, 3),
(308, 134, 100, 672, 78, 3, 0, 279, 282, 0, 255, 255, 255, 59, 0, 0, 0),
(309, 134, 100, 704, 178, 4, 0, 279, 283, 0, 255, 255, 255, 59, 0, 0, 1),
(310, 134, 100, 711, 278, 6, 0, 279, 284, 0, 255, 255, 255, 59, 0, 0, 2),
(311, 134, 100, 717, 386, 6, 0, 279, 285, 0, 255, 255, 255, 59, 0, 0, 3),
(312, 152, 205, 672, 78, 6, 0, 280, 282, 0, 255, 255, 255, 59, 0, 1, 0),
(313, 152, 205, 704, 178, 3, 0, 280, 283, 0, 255, 255, 255, 59, 0, 1, 1),
(314, 152, 205, 711, 278, 4, 0, 280, 284, 0, 255, 255, 255, 59, 0, 1, 2),
(315, 152, 205, 717, 386, 7, 0, 280, 285, 0, 255, 255, 255, 59, 0, 1, 3),
(316, 161, 347, 672, 78, 1, 0, 281, 282, 0, 255, 255, 255, 59, 0, 2, 0),
(317, 161, 347, 704, 178, 5, 0, 281, 283, 0, 255, 255, 255, 59, 0, 2, 1),
(318, 161, 347, 711, 278, 3, 0, 281, 284, 0, 255, 255, 255, 59, 0, 2, 2),
(319, 161, 347, 717, 386, 2, 0, 281, 285, 0, 255, 255, 255, 59, 0, 2, 3),
(332, 120, 184, 718, 37, 4, 0, 293, 296, 0, 255, 255, 255, 60, 0, 0, 0),
(333, 120, 184, 743, 132, 5, 0, 293, 297, 0, 255, 255, 255, 60, 0, 0, 1),
(334, 120, 184, 768, 289, 9, 0, 293, 298, 0, 255, 255, 255, 60, 0, 0, 2),
(335, 120, 184, 744, 426, 12, 0, 293, 299, 0, 255, 255, 255, 60, 0, 0, 3),
(336, 141, 284, 718, 37, 6, 0, 294, 296, 0, 255, 255, 255, 60, 0, 1, 0),
(337, 141, 284, 743, 132, 3, 0, 294, 297, 0, 255, 255, 255, 60, 0, 1, 1),
(338, 141, 284, 768, 289, 2, 0, 294, 298, 0, 255, 255, 255, 60, 0, 1, 2),
(339, 141, 284, 744, 426, 9, 0, 294, 299, 0, 255, 255, 255, 60, 0, 1, 3),
(340, 144, 415, 718, 37, 8, 0, 295, 296, 0, 255, 255, 255, 60, 0, 2, 0),
(341, 144, 415, 743, 132, 7, 0, 295, 297, 0, 255, 255, 255, 60, 0, 2, 1),
(342, 144, 415, 768, 289, 2, 0, 295, 298, 0, 255, 255, 255, 60, 0, 2, 2),
(343, 144, 415, 744, 426, 2, 0, 295, 299, 0, 255, 255, 255, 60, 0, 2, 3),
(344, 134, 100, 672, 78, 3, 0, 300, 303, 0, 255, 255, 255, 61, 0, 0, 0),
(345, 134, 100, 704, 178, 4, 0, 300, 304, 0, 255, 255, 255, 61, 0, 0, 1),
(346, 134, 100, 711, 278, 6, 0, 300, 305, 0, 255, 255, 255, 61, 0, 0, 2),
(347, 134, 100, 717, 386, 6, 0, 300, 306, 0, 255, 255, 255, 61, 0, 0, 3),
(348, 152, 205, 672, 78, 6, 0, 301, 303, 0, 255, 255, 255, 61, 0, 1, 0),
(349, 152, 205, 704, 178, 3, 0, 301, 304, 0, 255, 255, 255, 61, 0, 1, 1),
(350, 152, 205, 711, 278, 4, 0, 301, 305, 0, 255, 255, 255, 61, 0, 1, 2),
(351, 152, 205, 717, 386, 7, 0, 301, 306, 0, 255, 255, 255, 61, 0, 1, 3),
(352, 161, 347, 672, 78, 1, 0, 302, 303, 0, 255, 255, 255, 61, 0, 2, 0),
(353, 161, 347, 704, 178, 5, 0, 302, 304, 0, 255, 255, 255, 61, 0, 2, 1),
(354, 161, 347, 711, 278, 3, 0, 302, 305, 0, 255, 255, 255, 61, 0, 2, 2),
(355, 161, 347, 717, 386, 2, 0, 302, 306, 0, 255, 255, 255, 61, 0, 2, 3),
(356, 134, 100, 672, 78, 3, 0, 307, 310, 0, 255, 255, 255, 62, 0, 0, 0),
(357, 134, 100, 704, 178, 4, 0, 307, 311, 0, 255, 255, 255, 62, 0, 0, 1),
(358, 134, 100, 711, 278, 6, 0, 307, 312, 0, 255, 255, 255, 62, 0, 0, 2),
(359, 134, 100, 717, 386, 6, 0, 307, 313, 0, 255, 255, 255, 62, 0, 0, 3),
(360, 152, 205, 672, 78, 6, 0, 308, 310, 0, 255, 255, 255, 62, 0, 1, 0),
(361, 152, 205, 704, 178, 3, 0, 308, 311, 0, 255, 255, 255, 62, 0, 1, 1),
(362, 152, 205, 711, 278, 4, 0, 308, 312, 0, 255, 255, 255, 62, 0, 1, 2),
(363, 152, 205, 717, 386, 7, 0, 308, 313, 0, 255, 255, 255, 62, 0, 1, 3),
(364, 161, 347, 672, 78, 1, 0, 309, 310, 0, 255, 255, 255, 62, 0, 2, 0),
(365, 161, 347, 704, 178, 5, 0, 309, 311, 0, 255, 255, 255, 62, 0, 2, 1),
(366, 161, 347, 711, 278, 3, 0, 309, 312, 0, 255, 255, 255, 62, 0, 2, 2),
(367, 161, 347, 717, 386, 2, 0, 309, 313, 0, 255, 255, 255, 62, 0, 2, 3),
(368, 94, 164, 658, 61, 6, 0, 314, 318, 0, 255, 255, 255, 63, 0, 0, 0),
(369, 94, 164, 666, 175, 8, 0, 314, 319, 0, 255, 255, 255, 63, 0, 0, 1),
(370, 94, 164, 667, 270, 7, 0, 314, 320, 0, 255, 255, 255, 63, 0, 0, 2),
(371, 94, 164, 694, 362, 3, 0, 314, 321, 0, 255, 255, 255, 63, 0, 0, 3),
(372, 103, 264, 658, 61, 7, 0, 315, 318, 0, 255, 255, 255, 63, 0, 1, 0),
(373, 103, 264, 666, 175, 7, 0, 315, 319, 0, 255, 255, 255, 63, 0, 1, 1),
(374, 103, 264, 667, 270, 7, 0, 315, 320, 0, 255, 255, 255, 63, 0, 1, 2),
(375, 103, 264, 694, 362, 4, 0, 315, 321, 0, 255, 255, 255, 63, 0, 1, 3),
(376, 115, 339, 658, 61, 8, 0, 316, 318, 0, 255, 255, 255, 63, 0, 2, 0),
(377, 115, 339, 666, 175, 5, 0, 316, 319, 0, 255, 255, 255, 63, 0, 2, 1),
(378, 115, 339, 667, 270, 7, 0, 316, 320, 0, 255, 255, 255, 63, 0, 2, 2),
(379, 115, 339, 694, 362, 4, 0, 316, 321, 0, 255, 255, 255, 63, 0, 2, 3),
(380, 125, 450, 658, 61, 5, 0, 317, 318, 0, 255, 255, 255, 63, 0, 3, 0),
(381, 125, 450, 666, 175, 7, 0, 317, 319, 0, 255, 255, 255, 63, 0, 3, 1),
(382, 125, 450, 667, 270, 7, 0, 317, 320, 0, 255, 255, 255, 63, 0, 3, 2),
(383, 125, 450, 694, 362, 5, 0, 317, 321, 0, 255, 255, 255, 63, 0, 3, 3);

-- --------------------------------------------------------

--
-- Estructura de tabla para la tabla `grafo`
--

CREATE TABLE `grafo` (
  `id_grafo` int(11) NOT NULL,
  `nombre` varchar(45) NOT NULL
) ENGINE=InnoDB DEFAULT CHARSET=utf8mb4;

--
-- Volcado de datos para la tabla `grafo`
--

INSERT INTO `grafo` (`id_grafo`, `nombre`) VALUES
(47, 'ejemplo clase 1'),
(48, 'kramer 1'),
(49, 'p'),
(52, 'asignacion puestos'),
(53, 'grafo revision'),
(54, 'ejemplo clase 2'),
(55, 'ejemplo asignacion clase'),
(56, 'guardar'),
(57, 'PRUEB2'),
(58, 'ver21'),
(59, 'save 2'),
(60, 'grafo kramer'),
(61, 'error'),
(62, 'eaar'),
(63, 'copia de pruebas');

-- --------------------------------------------------------

--
-- Estructura de tabla para la tabla `nodo`
--

CREATE TABLE `nodo` (
  `id_nodo` int(11) NOT NULL,
  `x` int(11) NOT NULL,
  `y` int(11) NOT NULL,
  `nombre` varchar(45) NOT NULL,
  `grafo_id_grafo` int(11) NOT NULL,
  `color_red` int(11) NOT NULL,
  `color_green` int(11) NOT NULL,
  `color_blue` int(11) NOT NULL,
  `nro_actividad` int(11) NOT NULL,
  `asignacion` int(11) DEFAULT NULL
) ENGINE=InnoDB DEFAULT CHARSET=utf8mb4;

--
-- Volcado de datos para la tabla `nodo`
--

INSERT INTO `nodo` (`id_nodo`, `x`, `y`, `nombre`, `grafo_id_grafo`, `color_red`, `color_green`, `color_blue`, `nro_actividad`, `asignacion`) VALUES
(202, 119, 88, 'a', 47, 9, 11, 48, 0, 1),
(203, 135, 208, 'b', 47, 9, 11, 48, 1, 1),
(204, 171, 361, 'c', 47, 9, 11, 48, 2, 1),
(205, 613, 97, 'x', 47, 156, 12, 12, 0, 2),
(206, 623, 209, 'y', 47, 156, 12, 12, 1, 2),
(207, 654, 351, 'z', 47, 156, 12, 12, 2, 2),
(208, 134, 100, 'a', 48, 9, 11, 48, 0, 1),
(209, 152, 205, 'b', 48, 9, 11, 48, 1, 1),
(210, 161, 347, 'c', 48, 9, 11, 48, 2, 1),
(211, 672, 78, '1', 48, 156, 12, 12, 0, 2),
(212, 704, 178, '2', 48, 156, 12, 12, 1, 2),
(213, 711, 278, '3', 48, 156, 12, 12, 2, 2),
(214, 717, 386, '4', 48, 156, 12, 12, 3, 2),
(215, 134, 100, 'a', 49, 9, 11, 48, 0, 1),
(216, 152, 205, 'b', 49, 9, 11, 48, 1, 1),
(217, 161, 347, 'c', 49, 9, 11, 48, 2, 1),
(218, 672, 78, '1', 49, 156, 12, 12, 0, 2),
(219, 704, 178, '2', 49, 156, 12, 12, 1, 2),
(220, 711, 278, '3', 49, 156, 12, 12, 2, 2),
(221, 717, 386, '4', 49, 156, 12, 12, 3, 2),
(230, 94, 164, 'Juan', 52, 9, 11, 48, 0, 1),
(231, 103, 264, 'Pedro', 52, 9, 11, 48, 1, 1),
(232, 115, 339, 'Maria', 52, 9, 11, 48, 2, 1),
(233, 125, 450, 'Ana', 52, 9, 11, 48, 3, 1),
(234, 658, 61, 'UCBx', 52, 156, 12, 12, 0, 2),
(235, 666, 175, 'Bbilioteca', 52, 156, 12, 12, 1, 2),
(236, 667, 270, 'Computacion', 52, 156, 12, 12, 2, 2),
(237, 694, 362, 'Rectoria', 52, 156, 12, 12, 3, 2),
(238, 169, 156, 'a', 53, 9, 11, 48, 0, 1),
(239, 181, 299, 'b', 53, 9, 11, 48, 1, 1),
(240, 703, 95, 'c', 53, 156, 12, 12, 0, 2),
(241, 732, 198, 'd', 53, 156, 12, 12, 1, 2),
(242, 719, 327, 'e', 53, 156, 12, 12, 2, 2),
(243, 153, 132, 'E1', 54, 9, 11, 48, 0, 1),
(244, 174, 241, 'E2', 54, 9, 11, 48, 1, 1),
(245, 185, 368, 'E3', 54, 9, 11, 48, 2, 1),
(246, 758, 66, 'A', 54, 156, 12, 12, 0, 2),
(247, 723, 204, 'B', 54, 156, 12, 12, 1, 2),
(248, 726, 300, 'C', 54, 156, 12, 12, 2, 2),
(249, 739, 419, 'D', 54, 156, 12, 12, 3, 2),
(250, 104, 67, 'Juan', 55, 9, 11, 48, 0, 1),
(251, 113, 164, 'Pedro', 55, 9, 11, 48, 1, 1),
(252, 133, 267, 'Ana', 55, 9, 11, 48, 2, 1),
(253, 148, 403, 'Maria', 55, 9, 11, 48, 3, 1),
(254, 673, 74, 'UCBx', 55, 156, 12, 12, 0, 2),
(255, 670, 190, 'Biblioteca', 55, 156, 12, 12, 1, 2),
(256, 682, 297, 'Computacion', 55, 156, 12, 12, 2, 2),
(257, 710, 423, 'Rectoria', 55, 156, 12, 12, 3, 2),
(258, 104, 67, 'Juan', 56, 9, 11, 48, 0, 1),
(259, 113, 164, 'Pedro', 56, 9, 11, 48, 1, 1),
(260, 133, 267, 'Ana', 56, 9, 11, 48, 2, 1),
(261, 148, 403, 'Maria', 56, 9, 11, 48, 3, 1),
(262, 673, 74, 'UCBx', 56, 156, 12, 12, 0, 2),
(263, 670, 190, 'Biblioteca', 56, 156, 12, 12, 1, 2),
(264, 682, 297, 'Computacion', 56, 156, 12, 12, 2, 2),
(265, 710, 423, 'Rectoria', 56, 156, 12, 12, 3, 2),
(266, 179, 98, 'A', 57, 9, 11, 48, 0, 1),
(267, 195, 186, 'B', 57, 9, 11, 48, 1, 1),
(268, 204, 293, 'C', 57, 9, 11, 48, 2, 1),
(269, 682, 95, 'D', 57, 156, 12, 12, 0, 2),
(270, 702, 193, 'E', 57, 156, 12, 12, 1, 2),
(271, 711, 313, 'F', 57, 156, 12, 12, 2, 2),
(272, 134, 100, 'a', 58, 9, 11, 48, 0, 1),
(273, 152, 205, 'b', 58, 9, 11, 48, 1, 1),
(274, 161, 347, 'c', 58, 9, 11, 48, 2, 1),
(275, 672, 78, '1', 58, 156, 12, 12, 0, 2),
(276, 704, 178, '2', 58, 156, 12, 12, 1, 2),
(277, 711, 278, '3', 58, 156, 12, 12, 2, 2),
(278, 717, 386, '4', 58, 156, 12, 12, 3, 2),
(279, 134, 100, 'a', 59, 9, 11, 48, 0, 1),
(280, 152, 205, 'b', 59, 9, 11, 48, 1, 1),
(281, 161, 347, 'c', 59, 9, 11, 48, 2, 1),
(282, 672, 78, '1', 59, 156, 12, 12, 0, 2),
(283, 704, 178, '2', 59, 156, 12, 12, 1, 2),
(284, 711, 278, '3', 59, 156, 12, 12, 2, 2),
(285, 717, 386, '4', 59, 156, 12, 12, 3, 2),
(293, 120, 184, 'o1', 60, 9, 11, 48, 0, 1),
(294, 141, 284, 'o2', 60, 9, 11, 48, 1, 1),
(295, 144, 415, 'o3', 60, 9, 11, 48, 2, 1),
(296, 718, 37, 'd1', 60, 156, 12, 12, 0, 2),
(297, 743, 132, 'd2', 60, 156, 12, 12, 1, 2),
(298, 768, 289, 'd3', 60, 156, 12, 12, 2, 2),
(299, 744, 426, 'd4', 60, 156, 12, 12, 3, 2),
(300, 134, 100, 'a', 61, 9, 11, 48, 0, 1),
(301, 152, 205, 'b', 61, 9, 11, 48, 1, 1),
(302, 161, 347, 'c', 61, 9, 11, 48, 2, 1),
(303, 672, 78, '1', 61, 156, 12, 12, 0, 2),
(304, 704, 178, '2', 61, 156, 12, 12, 1, 2),
(305, 711, 278, '3', 61, 156, 12, 12, 2, 2),
(306, 717, 386, '4', 61, 156, 12, 12, 3, 2),
(307, 134, 100, 'a', 62, 9, 11, 48, 0, 1),
(308, 152, 205, 'b', 62, 9, 11, 48, 1, 1),
(309, 161, 347, 'c', 62, 9, 11, 48, 2, 1),
(310, 672, 78, '1', 62, 156, 12, 12, 0, 2),
(311, 704, 178, '2', 62, 156, 12, 12, 1, 2),
(312, 711, 278, '3', 62, 156, 12, 12, 2, 2),
(313, 717, 386, '4', 62, 156, 12, 12, 3, 2),
(314, 94, 164, 'Juan', 63, 9, 11, 48, 0, 1),
(315, 103, 264, 'Pedro', 63, 9, 11, 48, 1, 1),
(316, 115, 339, 'Maria', 63, 9, 11, 48, 2, 1),
(317, 125, 450, 'Ana', 63, 9, 11, 48, 3, 1),
(318, 658, 61, 'UCBx', 63, 156, 12, 12, 0, 2),
(319, 666, 175, 'Bbilioteca', 63, 156, 12, 12, 1, 2),
(320, 667, 270, 'Computacion', 63, 156, 12, 12, 2, 2),
(321, 694, 362, 'Rectoria', 63, 156, 12, 12, 3, 2);

-- --------------------------------------------------------

--
-- Estructura de tabla para la tabla `ofertas`
--

CREATE TABLE `ofertas` (
  `id` int(11) NOT NULL,
  `dato` int(11) DEFAULT NULL,
  `grafo_id` int(11) DEFAULT NULL
) ENGINE=InnoDB DEFAULT CHARSET=utf8mb4;

--
-- Volcado de datos para la tabla `ofertas`
--

INSERT INTO `ofertas` (`id`, `dato`, `grafo_id`) VALUES
(1, 7, 58),
(2, 8, 58),
(3, 10, 58),
(4, 7, 59),
(5, 8, 59),
(6, 10, 59),
(7, 10, 60),
(8, 10, 60),
(9, 10, 60);

--
-- Índices para tablas volcadas
--

--
-- Indices de la tabla `demandas`
--
ALTER TABLE `demandas`
  ADD PRIMARY KEY (`id`),
  ADD KEY `grafo_id` (`grafo_id`);

--
-- Indices de la tabla `enlace`
--
ALTER TABLE `enlace`
  ADD PRIMARY KEY (`id_grafo`),
  ADD KEY `nodo_inicio` (`nodo_inicio`),
  ADD KEY `nodo_fin` (`nodo_fin`),
  ADD KEY `grafo_id` (`grafo_id`);

--
-- Indices de la tabla `grafo`
--
ALTER TABLE `grafo`
  ADD PRIMARY KEY (`id_grafo`);

--
-- Indices de la tabla `nodo`
--
ALTER TABLE `nodo`
  ADD PRIMARY KEY (`id_nodo`),
  ADD KEY `grafo_id_grafo` (`grafo_id_grafo`);

--
-- Indices de la tabla `ofertas`
--
ALTER TABLE `ofertas`
  ADD PRIMARY KEY (`id`),
  ADD KEY `grafo_id` (`grafo_id`);

--
-- AUTO_INCREMENT de las tablas volcadas
--

--
-- AUTO_INCREMENT de la tabla `demandas`
--
ALTER TABLE `demandas`
  MODIFY `id` int(11) NOT NULL AUTO_INCREMENT, AUTO_INCREMENT=12;

--
-- AUTO_INCREMENT de la tabla `enlace`
--
ALTER TABLE `enlace`
  MODIFY `id_grafo` int(11) NOT NULL AUTO_INCREMENT, AUTO_INCREMENT=384;

--
-- AUTO_INCREMENT de la tabla `grafo`
--
ALTER TABLE `grafo`
  MODIFY `id_grafo` int(11) NOT NULL AUTO_INCREMENT, AUTO_INCREMENT=64;

--
-- AUTO_INCREMENT de la tabla `nodo`
--
ALTER TABLE `nodo`
  MODIFY `id_nodo` int(11) NOT NULL AUTO_INCREMENT, AUTO_INCREMENT=322;

--
-- AUTO_INCREMENT de la tabla `ofertas`
--
ALTER TABLE `ofertas`
  MODIFY `id` int(11) NOT NULL AUTO_INCREMENT, AUTO_INCREMENT=10;

--
-- Restricciones para tablas volcadas
--

--
-- Filtros para la tabla `demandas`
--
ALTER TABLE `demandas`
  ADD CONSTRAINT `demandas_ibfk_1` FOREIGN KEY (`grafo_id`) REFERENCES `grafo` (`id_grafo`);

--
-- Filtros para la tabla `enlace`
--
ALTER TABLE `enlace`
  ADD CONSTRAINT `enlace_ibfk_1` FOREIGN KEY (`nodo_inicio`) REFERENCES `nodo` (`id_nodo`),
  ADD CONSTRAINT `enlace_ibfk_2` FOREIGN KEY (`nodo_fin`) REFERENCES `nodo` (`id_nodo`),
  ADD CONSTRAINT `enlace_ibfk_3` FOREIGN KEY (`grafo_id`) REFERENCES `grafo` (`id_grafo`);

--
-- Filtros para la tabla `nodo`
--
ALTER TABLE `nodo`
  ADD CONSTRAINT `nodo_ibfk_1` FOREIGN KEY (`grafo_id_grafo`) REFERENCES `grafo` (`id_grafo`);

--
-- Filtros para la tabla `ofertas`
--
ALTER TABLE `ofertas`
  ADD CONSTRAINT `ofertas_ibfk_1` FOREIGN KEY (`grafo_id`) REFERENCES `grafo` (`id_grafo`);
COMMIT;

/*!40101 SET CHARACTER_SET_CLIENT=@OLD_CHARACTER_SET_CLIENT */;
/*!40101 SET CHARACTER_SET_RESULTS=@OLD_CHARACTER_SET_RESULTS */;
/*!40101 SET COLLATION_CONNECTION=@OLD_COLLATION_CONNECTION */;
